,City,Date,Country,Lat,Lon,Temp,Max Temp,Humidity,Wind Speed,Cloudiness
0,Barrow,1586804898,US,71.29,-156.79,23.0,23.0,92,9.17,90
1,Albany,1586804651,US,42.6,-73.97,60.39,63.0,82,21.92,90
2,Peniche,1586804898,PT,39.36,-9.38,56.28,59.0,62,4.7,40
3,Buchanan,1586804870,LR,5.88,-10.05,84.2,84.2,83,9.17,40
4,Uvira,1586804898,CD,-3.41,29.15,74.12,74.12,50,0.98,97
5,Arraial do Cabo,1586804898,BR,-22.97,-42.03,78.8,78.8,57,16.11,20
6,Chester,1586804898,US,40.13,-75.87,65.08,69.01,93,8.05,75
7,Puerto Ayora,1586804898,EC,-0.74,-90.35,84.74,86.0,66,13.87,40
8,Khabary,1586804898,RU,53.63,79.53,33.08,33.08,89,1.63,47
9,Bluff,1586804899,NZ,-46.6,168.33,46.0,46.0,76,11.01,91
10,Yellowknife,1586804701,CA,62.46,-114.35,17.29,17.6,52,10.29,20
11,Česká Lípa,1586804899,CZ,50.69,14.54,40.95,45.0,48,6.93,97
12,Hobart,1586804899,AU,-42.88,147.33,50.2,53.6,81,8.05,90
13,Provideniya,1586804899,RU,64.38,-173.3,22.96,22.96,95,2.04,91
14,Khatanga,1586804899,RU,71.97,102.5,18.91,18.91,97,3.51,100
15,Warwick,1586804614,US,41.7,-71.42,57.49,61.0,93,26.4,90
16,Hong Kong,1586804809,HK,22.29,114.16,67.48,70.0,40,3.36,92
17,Libreville,1586804658,GA,0.39,9.45,84.2,84.2,79,8.05,20
18,Ushuaia,1586804900,AR,-54.8,-68.3,50.0,50.0,71,29.97,40
19,Sirte,1586804900,LY,31.21,16.59,67.64,67.64,48,17.29,69
20,Santa Catalina,1586804900,PH,9.33,122.86,75.2,75.2,83,1.79,20
21,Ilulissat,1586804900,GL,69.22,-51.1,30.2,30.2,80,6.93,100
22,Mataura,1586804900,NZ,-46.19,168.86,46.0,46.0,76,11.01,83
23,Artsvaberd,1586804900,AM,40.83,45.47,37.67,37.67,51,2.51,32
24,Port Alfred,1586804900,ZA,-33.59,26.89,60.01,60.01,90,1.01,98
25,Dikson,1586804901,RU,73.51,80.55,-0.36,-0.36,94,3.83,8
26,Butaritari,1586804771,KI,3.07,172.79,83.07,83.07,80,16.53,91
27,Kadhan,1586804901,PK,24.48,68.99,81.07,81.07,39,12.62,33
28,Batticaloa,1586804901,LK,7.71,81.69,81.07,81.07,76,4.32,22
29,Los Llanos de Aridane,1586804901,ES,28.66,-17.92,64.24,66.2,77,1.12,75
30,Vaini,1586804770,TO,-21.2,-175.2,71.6,71.6,94,5.82,40
31,Aripuanã,1586804901,BR,-9.17,-60.63,83.3,83.3,83,2.48,52
32,Aklavik,1586804901,CA,68.22,-135.01,33.8,33.8,50,5.82,90
33,Beeville,1586804901,US,28.4,-97.75,68.25,69.8,43,10.29,1
34,Seymchan,1586804901,RU,62.88,152.43,14.25,14.25,92,2.19,88
35,Punta Arenas,1586804901,CL,-53.15,-70.92,51.39,51.8,66,31.09,75
36,Port Macquarie,1586804902,AU,-31.43,152.92,56.8,57.99,100,4.7,51
37,Narsaq,1586804902,GL,60.92,-46.05,33.6,33.6,88,15.03,95
38,New Norfolk,1586804902,AU,-42.78,147.06,49.84,53.6,81,8.05,90
39,Tuktoyaktuk,1586804902,CA,69.45,-133.04,24.8,24.8,79,9.17,90
40,San Cristobal,1586804902,VE,7.77,-72.22,93.2,93.2,46,13.87,20
41,Saint-Philippe,1586804902,RE,-21.36,55.77,68.9,75.2,78,5.82,99
42,Mar del Plata,1586804902,AR,-38.0,-57.56,59.43,60.01,87,11.41,90
43,Chumikan,1586804902,RU,54.72,135.31,29.89,29.89,90,7.31,20
44,Fortuna,1586804902,US,40.6,-124.16,60.94,66.99,71,9.17,1
45,Najrān,1586804684,SA,17.49,44.13,82.4,82.4,39,6.93,40
46,Emerald,1586804902,AU,-23.53,148.17,65.23,66.2,88,6.93,1
47,Marawi,1586804902,PH,8.0,124.29,67.19,67.19,67,2.53,40
48,Bengkulu,1586804902,ID,-3.8,102.27,78.66,78.66,79,3.78,100
49,Harper,1586804963,LR,4.38,-7.72,83.05,83.05,74,6.85,100
50,Saint Anthony,1586804963,US,45.02,-93.22,33.58,36.0,59,14.99,75
51,Maní,1586804963,CO,4.82,-72.29,95.07,95.07,33,10.67,22
52,Cabo San Lucas,1586804815,MX,22.89,-109.91,74.12,82.0,53,11.41,75
53,Hamilton,1586804710,US,39.18,-84.53,42.17,45.0,65,16.11,90
54,Xam Nua,1586804963,LA,20.42,104.04,52.3,52.3,69,2.62,33
55,Rikitea,1586804963,PF,-23.12,-134.97,76.78,76.78,72,11.74,56
56,Cap Malheureux,1586804963,MU,-19.98,57.61,77.0,78.8,74,11.41,75
57,Castro,1586804964,BR,-24.79,-50.01,76.28,76.28,34,2.53,9
58,Bonthe,1586804964,SL,7.53,-12.51,84.18,84.18,69,9.13,95
59,Bredasdorp,1586804964,ZA,-34.53,20.04,58.06,59.0,62,6.02,2
60,Itoman,1586804964,JP,26.12,127.67,61.16,62.6,48,23.04,40
61,Bethel,1586804964,US,41.37,-73.41,58.68,62.01,87,16.11,90
62,Kahului,1586804964,US,20.89,-156.47,71.37,73.4,94,4.7,40
63,Busselton,1586804964,AU,-33.65,115.33,56.07,57.99,68,5.14,80
64,Bambous Virieux,1586804964,MU,-20.34,57.76,77.45,78.8,74,11.41,75
65,Kapaa,1586804964,US,22.08,-159.32,71.33,73.4,83,8.05,90
66,Santa Engracia,1586804965,ES,41.94,-1.32,63.75,64.99,52,9.17,90
67,Mokhsogollokh,1586804965,RU,61.47,128.92,28.65,28.65,93,8.3,96
68,Bossangoa,1586804965,CF,6.49,17.46,80.83,80.83,54,2.59,44
69,Saskylakh,1586804965,RU,71.92,114.08,13.42,13.42,94,8.19,97
70,Makakilo City,1586804965,US,21.35,-158.09,76.96,78.8,69,3.36,20
71,Algiers,1586804965,DZ,36.75,3.04,64.4,64.4,82,8.05,40
72,Clyde River,1586804965,CA,70.47,-68.59,15.8,15.8,85,17.22,90
73,Nara,1586804965,JP,34.69,135.8,48.97,51.01,66,24.16,97
74,Ngunguru,1586804965,NZ,-35.62,174.5,57.0,57.0,84,5.99,20
75,Kawalu,1586804727,ID,-7.38,108.21,73.0,73.0,80,0.96,39
76,Grants,1586804965,US,35.15,-107.85,39.2,39.2,86,4.7,90
77,Potanino,1586804966,RU,55.18,61.62,37.4,37.4,55,6.71,40
78,Nizhnyaya Omka,1586804966,RU,55.43,74.94,40.03,40.03,86,7.76,21
79,Nuevo Progreso,1586804966,MX,23.17,-97.95,92.12,99.0,19,13.0,9
80,Biltine,1586804966,TD,14.53,20.92,83.21,83.21,11,9.26,91
81,Chui,1586804966,UY,-33.7,-53.46,71.33,71.33,63,5.39,100
82,George Town,1586804966,MY,5.41,100.34,81.16,82.4,88,1.12,20
83,Kavieng,1586804966,PG,-2.57,150.8,82.87,82.87,75,4.36,92
84,Mount Gambier,1586804966,AU,-37.83,140.77,51.8,51.8,81,8.05,43
85,Benguela,1586804966,AO,-12.58,13.41,79.25,79.25,81,3.02,90
86,Puro,1586804967,PH,12.48,123.38,80.62,80.62,78,11.97,84
87,Los Aquijes,1586804967,PE,-14.1,-75.69,73.33,73.99,30,10.29,50
88,Jumla,1586804967,NP,29.27,82.18,50.22,50.22,28,3.15,34
89,Saint George,1586804887,US,37.1,-113.58,54.27,57.2,16,3.36,1
90,Krasnosel'kup,1586804967,RU,65.7,82.47,34.48,34.48,98,6.38,100
91,Souillac,1586804967,MU,-20.52,57.52,77.47,78.8,74,11.41,75
92,Avarua,1586804770,CK,-21.21,-159.78,80.6,80.6,74,6.93,95
93,Maningrida,1586804967,AU,-12.07,134.27,74.55,74.55,82,8.14,10
94,Māgadi,1586804764,IN,12.97,77.23,80.02,84.99,53,11.23,20
95,Kanashevo,1586804968,RU,55.22,62.06,37.4,37.4,55,6.71,40
96,Fairbanks,1586804968,US,64.84,-147.72,35.28,37.4,93,4.47,90
97,Mehamn,1586804968,NO,71.04,27.85,32.45,32.45,95,27.49,100
98,Nikolskoye,1586805028,RU,59.7,30.79,36.16,37.4,69,13.42,20
99,Jamestown,1586805028,US,42.1,-79.24,48.13,57.0,93,32.21,90
100,Hermanus,1586805028,ZA,-34.42,19.23,58.35,60.01,90,3.15,17
101,Maracaçumé,1586804914,BR,-2.04,-45.96,74.12,74.12,96,6.6,100
102,Sorong,1586805028,ID,-0.88,131.25,77.07,77.07,90,2.62,99
103,Novaya Igirma,1586805029,RU,57.13,103.91,30.97,30.97,88,3.58,0
104,La Ronge,1586805029,CA,55.1,-105.28,12.2,12.2,51,6.93,20
105,Esperance,1586805029,AU,-33.87,121.9,64.4,64.4,88,4.7,90
106,Palu,1586805029,ID,-0.89,119.87,75.29,75.29,81,2.71,99
107,Vengerovo,1586805029,RU,55.68,76.75,36.95,36.95,87,6.87,88
108,Port Lincoln,1586805029,AU,-34.73,135.87,65.61,65.61,46,9.19,13
109,San Patricio,1586805029,MX,19.22,-104.7,80.6,80.6,65,5.82,20
110,Xiaoweizhai,1586805029,CN,26.19,107.51,49.51,49.51,58,0.74,100
111,Jaqué,1586805030,PA,7.52,-78.17,83.17,83.17,77,6.22,81
112,Kruisfontein,1586805030,ZA,-34.0,24.73,56.95,56.95,79,6.82,26
113,Bridlington,1586805030,GB,54.08,-0.19,41.18,43.0,60,6.93,1
114,Valença,1586805030,BR,-13.37,-39.07,73.53,73.53,95,4.45,99
115,Kaitangata,1586805030,NZ,-46.28,169.85,44.01,44.01,77,20.83,79
116,Arrondissement d'Arcachon,1586804849,FR,44.59,-1.05,65.95,68.0,55,6.93,92
117,Ponta do Sol,1586805030,PT,32.67,-17.1,62.11,66.2,59,5.82,20
118,Laas,1586805030,IT,46.62,10.7,54.75,68.0,46,3.36,20
119,Lebu,1586805030,CL,-37.62,-73.65,60.64,60.64,52,12.84,31
120,Chinhoyi,1586805031,ZW,-17.37,30.2,68.99,68.99,42,3.65,19
121,Upernavik,1586805031,GL,72.79,-56.15,32.07,32.07,98,5.93,100
122,Lorengau,1586805031,PG,-2.02,147.27,81.01,81.01,78,4.16,95
123,Lüderitz,1586805031,NA,-26.65,15.16,62.6,62.6,67,14.99,0
124,Gravdal,1586805031,NO,68.12,13.5,35.6,35.6,69,16.11,75
125,Edremit,1586805031,TR,39.6,27.02,55.67,55.67,60,0.96,1
126,Cape Town,1586805025,ZA,-33.93,18.42,59.09,60.01,87,5.82,23
127,Santa Cruz de la Sierra,1586804827,BO,-17.8,-63.17,88.48,89.6,52,25.28,75
128,Chernyanka,1586805032,RU,50.94,37.81,48.9,48.9,51,12.53,25
129,Avera,1586805032,US,33.19,-82.53,79.45,82.4,39,14.99,1
130,Qaanaaq,1586805032,GL,77.48,-69.36,21.96,21.96,87,2.19,100
131,Bandarbeyla,1586805032,SO,9.49,50.81,81.59,81.59,72,12.64,76
132,Atuona,1586805032,PF,-9.8,-139.03,81.82,81.82,70,7.83,30
133,Mazamari,1586805032,PE,-11.33,-74.53,87.85,87.85,40,2.62,57
134,Naryan-Mar,1586805032,RU,67.67,53.09,19.0,19.0,94,12.1,100
135,Talnakh,1586805032,RU,69.49,88.4,19.4,19.4,92,17.9,75
136,Tommot,1586805032,RU,58.96,126.29,29.43,29.43,93,4.54,100
137,Mil'kovo,1586805032,RU,54.72,158.62,23.25,23.25,91,1.43,47
138,Hasaki,1586805033,JP,35.73,140.83,44.37,45.0,70,17.22,75
139,Coquimbo,1586805033,CL,-29.95,-71.34,66.2,66.2,63,13.87,4
140,Ulaanbaatar,1586805003,MN,47.91,106.88,35.6,35.6,43,11.18,75
141,Port Blair,1586805033,IN,11.67,92.75,83.12,83.12,69,4.94,54
142,Puerto Limón,1586805033,CR,10.0,-83.03,84.2,84.2,74,6.93,75
143,Brumunddal,1586805033,NO,60.88,10.94,35.01,35.01,44,7.0,58
144,Hailar,1586805033,CN,49.2,119.7,43.84,43.84,49,15.03,90
145,Kodinsk,1586805033,RU,58.69,99.18,32.68,32.68,89,2.46,0
146,Deep River,1586805033,CA,46.1,-77.5,55.24,57.0,100,3.36,90
147,Kulhudhuffushi,1586805094,MV,6.62,73.07,85.68,85.68,65,5.75,14
148,Kalamare,1586805094,BW,-22.93,26.57,76.87,76.87,18,4.47,75
149,Bambanglipuro,1586805094,ID,-7.95,110.28,77.67,77.67,74,3.38,33
150,Mineiros,1586805094,BR,-17.57,-52.55,83.14,83.14,49,1.77,3
151,Saint-Augustin,1586805094,CA,51.23,-58.65,34.65,34.65,91,12.55,41
152,Pawa,1586805095,PH,13.17,123.73,77.59,77.59,81,8.21,91
153,Dwārka,1586805095,IN,22.24,68.97,80.65,80.65,73,18.88,75
154,Codrington,1586805095,AU,-38.27,141.97,56.84,56.84,55,9.55,58
155,Tasiilaq,1586805091,GL,65.61,-37.64,32.0,32.0,90,16.11,45
156,Kisangani,1586805095,CD,0.52,25.2,77.49,77.49,67,2.37,98
157,Guerrero Negro,1586805095,MX,27.98,-114.06,65.59,65.59,56,15.55,48
158,Grand Gaube,1586805095,MU,-20.01,57.66,77.02,78.8,74,11.41,75
159,Ginir,1586805095,ET,7.13,40.7,62.47,62.47,54,2.33,96
160,Tura,1586805096,IN,25.52,90.22,76.15,76.15,38,2.06,56
161,Lompoc,1586805096,US,34.64,-120.46,57.51,64.0,87,10.29,90
162,Katherine,1586805096,AU,-14.47,132.27,69.8,69.8,83,4.7,4
163,San Juan,1586805016,AR,-31.54,-68.54,72.09,72.09,27,6.62,0
164,Campos Sales,1586804832,BR,-7.07,-40.38,80.47,80.47,69,3.58,99
165,Belmonte,1586805096,BR,-15.86,-38.88,80.6,80.6,78,10.29,75
166,Norman Wells,1586805096,CA,65.28,-126.83,33.8,33.8,55,12.75,90
167,Kloulklubed,1586805096,PW,7.04,134.26,77.0,77.0,94,3.71,75
168,Anadyr,1586805096,RU,64.75,177.48,10.18,10.4,78,8.95,90
169,Ancud,1586805096,CL,-41.87,-73.82,55.4,55.4,76,5.82,90
170,Airai,1586805097,TL,-8.93,125.41,61.5,61.5,71,2.04,50
171,Oktyabr'skoye,1586805097,RU,43.06,44.74,41.0,41.0,60,11.18,0
172,Caravelas,1586805097,BR,-17.71,-39.25,78.39,78.39,80,21.16,81
173,Hilo,1586805018,US,19.73,-155.09,70.77,75.2,73,6.93,1
174,Surgut,1586805097,RU,61.25,73.42,33.8,33.8,74,4.47,81
175,Sørland,1586805097,NO,67.67,12.69,35.6,35.6,69,16.11,75
176,Wawa,1586805097,NG,9.9,4.42,92.48,92.48,29,3.78,1
177,Kenmare,1586804885,IE,51.88,-9.58,57.2,57.2,62,6.93,40
178,Port Elizabeth,1586805097,ZA,-33.92,25.57,60.8,60.8,77,11.41,28
179,Tsimmerbude,1586805097,RU,54.67,20.13,39.2,39.2,69,11.18,40
180,Saldanha,1586805097,ZA,-33.01,17.94,60.8,60.8,77,8.05,3
181,São Filipe,1586805097,CV,14.9,-24.5,74.59,74.59,77,14.38,41
182,Saint Paul Harbor,1586805097,US,57.79,-152.41,42.8,42.8,87,5.21,90
183,Half Moon Bay,1586804898,US,37.46,-122.43,62.82,68.0,67,3.36,20
184,Kenai,1586805098,US,60.55,-151.26,36.5,39.99,100,4.7,90
185,Hay River,1586805098,CA,60.82,-115.8,33.8,33.8,40,4.7,40
186,Necochea,1586805098,AR,-38.55,-58.74,59.94,62.01,72,5.01,100
187,Alice Springs,1586805098,AU,-23.7,133.88,62.6,62.6,45,3.36,92
188,Kiryat Gat,1586805098,IL,31.61,34.76,58.6,63.0,72,3.36,63
189,Tazovsky,1586805098,RU,67.47,78.7,17.58,17.58,97,9.37,95
190,‘Āhuimanu,1586805098,US,21.44,-157.84,77.16,78.8,69,9.17,90
191,Prince Albert,1586804901,CA,53.2,-105.77,14.0,14.0,56,12.75,20
192,Shimoda,1586805098,JP,34.67,138.95,43.65,50.0,93,4.7,75
193,Ust'-Barguzin,1586805098,RU,53.45,108.98,29.8,29.8,86,1.79,93
194,Tuatapere,1586805098,NZ,-46.13,167.68,45.0,45.0,77,8.99,94
195,Northam,1586805099,GB,51.03,-4.22,48.22,51.01,68,8.99,0
196,Cayenne,1586805159,GF,4.93,-52.33,86.0,86.0,62,13.87,75
197,Quatre Cocos,1586805159,MU,-20.21,57.76,77.32,78.8,74,11.41,75
198,Longyearbyen,1586805159,SJ,78.22,15.64,15.8,15.8,66,17.22,75
199,Torbay,1586805125,CA,47.67,-52.73,47.25,48.0,45,19.46,20
200,Camargo,1586804910,MX,27.67,-105.17,77.9,77.9,9,10.94,0
201,Koróni,1586805159,GR,36.8,21.95,59.54,64.99,81,1.12,0
202,Barreiras,1586804928,BR,-12.15,-44.99,81.9,81.9,70,4.88,32
203,Luga,1586805159,RU,58.74,29.85,35.96,35.96,83,2.98,97
204,San Francisco,1586805127,US,37.77,-122.42,63.7,68.0,59,8.05,20
205,Russell,1586805159,US,32.35,-85.2,77.25,81.0,50,10.29,1
206,Tiznit Province,1586805159,MA,29.58,-9.5,59.81,59.81,52,10.4,90
207,Verkhotur'ye,1586805159,RU,58.86,60.81,39.11,39.11,91,2.26,90
208,Mahébourg,1586805160,MU,-20.41,57.7,77.68,78.8,74,11.41,75
209,Ziro,1586805160,IN,27.63,93.83,53.78,53.78,44,3.22,7
210,Lavrentiya,1586805160,RU,65.58,-171.0,20.52,20.52,95,2.95,47
211,Matamoros,1586805160,MX,25.53,-103.25,83.59,84.2,6,6.93,5
212,Laguna,1586805160,US,38.42,-121.42,63.82,66.99,67,4.21,1
213,Palana,1586805160,RU,59.12,159.97,5.16,5.16,94,2.59,35
214,Carnarvon,1586805063,AU,-24.87,113.63,75.2,75.2,94,14.99,2
215,San Policarpo,1586805160,PH,12.18,125.51,80.73,80.73,77,8.63,81
216,Valtice,1586805160,CZ,48.74,16.75,47.61,54.0,76,10.29,88
217,Karratha,1586805160,AU,-20.74,116.85,83.73,83.73,61,2.71,45
218,Yeniseysk,1586805160,RU,58.45,92.17,37.54,37.54,85,6.17,0
219,Ahome,1586805161,MX,25.92,-109.18,81.61,82.0,28,6.93,5
220,Hithadhoo,1586805161,MV,-0.6,73.08,85.82,85.82,65,5.53,73
221,Khorramshahr,1586805161,IR,30.44,48.17,75.54,78.8,43,7.74,0
222,São João da Barra,1586805161,BR,-21.64,-41.05,78.8,78.8,65,9.17,75
223,Pevek,1586805098,RU,69.7,170.31,-2.24,-2.24,91,2.66,98
224,Morgan City,1586805156,US,29.7,-91.21,76.87,82.99,64,10.29,1
225,Bushehr,1586805161,IR,28.97,50.84,68.0,68.0,56,8.14,6
226,Nekhayevskiy,1586805161,RU,50.41,41.76,39.99,39.99,57,7.34,4
227,Kralendijk,1586805161,BQ,12.15,-68.27,87.8,87.8,58,19.46,75
228,Geraldton,1586805101,AU,-28.77,114.6,65.12,66.2,77,9.17,16
229,Vestmannaeyjar,1586805161,IS,63.44,-20.27,42.8,42.8,87,13.87,90
230,Presov,1586805161,SK,49.17,21.25,49.93,55.99,76,9.17,98
231,Mangit,1586805161,UZ,40.6,70.96,55.4,55.4,82,4.7,90
232,Beloha,1586805096,MG,-25.17,45.05,74.89,74.89,73,4.27,1
233,Sakaiminato,1586805162,JP,35.55,133.23,46.4,46.4,61,3.36,40
234,Cidreira,1586805162,BR,-30.18,-50.21,74.7,74.7,64,12.3,100
235,Ottawa,1586804983,CA,45.41,-75.7,59.2,60.01,93,14.99,90
236,Tucumã,1586804996,BR,-0.18,-50.05,76.68,76.68,86,5.12,100
237,Bairiki Village,1586805162,KI,1.33,172.98,82.4,82.4,83,12.75,40
238,Araxá,1586804870,BR,-19.59,-46.94,77.0,77.0,65,4.7,40
239,Luang Prabang,1586805162,LA,19.89,102.13,69.69,69.69,75,1.03,37
240,Coyhaique,1586805162,CL,-45.58,-72.07,57.58,59.0,51,9.17,40
241,Mendi,1586805162,PG,-6.18,143.65,55.13,55.13,56,0.89,100
242,Sohag,1586805162,EG,26.56,31.69,73.4,73.4,22,10.29,0
243,Arica,1586805110,CL,-18.48,-70.3,76.01,77.0,57,18.34,11
244,Otavi,1586805162,NA,-19.65,17.33,70.56,70.56,30,1.16,57
245,Manokwari,1586805222,ID,-0.87,134.08,78.37,78.37,81,6.42,100
246,Kamenka,1586805223,RU,51.32,42.77,43.97,46.0,48,1.01,56
247,Te Anau,1586805223,NZ,-45.42,167.72,38.61,38.61,76,4.05,61
248,Le Mars,1586805223,US,42.79,-96.17,29.39,32.0,92,23.04,90
249,Katsuura,1586805107,JP,35.13,140.3,47.91,48.2,81,11.41,75
250,Ribeira Grande,1586805071,PT,38.52,-28.7,64.4,64.4,68,5.82,40
251,Torit,1586805223,SS,4.41,32.57,81.37,81.37,48,2.04,100
252,Bella Union,1586805223,UY,-30.28,-57.6,69.85,69.85,50,14.45,99
253,East London,1586805223,ZA,-33.02,27.91,68.07,68.07,83,2.86,100
254,Puerto Nariño,1586805223,CO,-3.77,-70.38,87.8,87.8,74,4.7,75
255,Pajapan,1586805224,MX,18.25,-94.7,96.8,96.8,37,11.41,40
256,Kopavogur,1586805224,IS,64.11,-21.91,41.0,41.0,75,17.22,75
257,Belaya Gora,1586805224,RU,68.53,146.42,12.54,12.54,96,8.16,100
258,Gobabis,1586805224,NA,-22.45,18.97,73.4,73.4,53,2.24,65
259,Głowno,1586805224,PL,51.96,19.72,40.46,42.01,48,6.93,99
260,Chala,1586804946,TZ,-7.58,31.27,68.0,68.0,72,4.7,75
261,Nyurba,1586805224,RU,63.28,118.33,23.29,23.29,96,1.86,0
262,Okha,1586805224,RU,53.57,142.95,26.46,26.46,99,5.12,99
263,Salinas,1586805044,US,36.68,-121.66,58.64,64.0,67,2.24,40
264,Camacha,1586805224,PT,33.08,-16.33,61.09,66.2,93,23.04,40
265,Wakkanai,1586805225,JP,45.41,141.67,34.75,34.75,82,13.62,0
266,Tiruchchendur,1586805225,IN,8.48,78.12,83.84,83.84,70,3.18,1
267,Mossamedes,1586805225,AO,-15.2,12.15,75.29,75.29,74,10.65,20
268,Itarema,1586805225,BR,-2.92,-39.92,83.44,83.44,77,6.33,95
269,Chokurdakh,1586805225,RU,70.63,147.92,11.62,11.62,96,7.47,100
270,Tual,1586805225,ID,-5.67,132.75,82.36,82.36,77,2.13,97
271,St. George's,1586805050,GD,12.06,-61.75,86.0,86.0,66,17.22,20
272,Buala,1586805226,SB,-8.14,159.59,82.44,82.44,79,7.92,29
273,Ville-Marie,1586805226,CA,47.33,-79.43,39.2,39.2,100,9.17,90
274,Al Bardīyah,1586805226,LY,31.76,25.09,61.88,61.88,66,7.25,0
275,Cap-aux-Meules,1586805226,CA,47.38,-61.86,41.0,41.0,86,16.11,90
276,Bathsheba,1586805226,BB,13.22,-59.52,86.0,86.0,58,21.92,40
277,Dingle,1586805069,PH,11.0,122.67,78.08,78.08,84,5.77,7
278,Cooma,1586805088,AU,-36.23,149.13,39.2,39.2,100,2.24,75
279,Manavālakurichi,1586805226,IN,8.13,77.3,86.0,86.0,66,5.68,40
280,Komsomolets,1586805226,KZ,53.75,62.07,39.27,39.27,67,9.17,83
281,Leh,1586805227,IN,34.17,77.58,39.52,39.52,18,3.74,100
282,Yumen,1586805227,CN,40.28,97.2,54.97,54.97,19,1.01,85
283,Westport,1586805177,US,41.14,-73.36,57.9,61.0,87,33.33,90
284,Pemangkat,1586805227,ID,1.17,108.97,77.14,77.14,83,9.57,5
285,Zyryanka,1586805227,RU,65.75,150.85,16.81,16.81,96,3.06,88
286,Aginskoye,1586805227,RU,51.1,114.53,38.16,38.16,57,12.39,96
287,Ambulu,1586805227,ID,-8.35,113.61,77.56,77.56,76,4.14,76
288,Tiksi,1586805227,RU,71.69,128.87,-6.54,-6.54,88,6.58,36
289,Hambantota,1586805093,LK,6.12,81.12,77.0,77.0,100,2.24,40
290,Boca do Acre,1586805228,BR,-8.75,-67.4,91.09,91.09,48,4.43,56
291,Vilela,1586805228,PT,41.23,-7.6,50.81,52.0,8,2.66,86
292,Kungurtug,1586805228,RU,50.6,97.52,32.59,32.59,53,2.1,70
293,Banda Aceh,1586805228,ID,5.56,95.32,80.67,80.67,77,2.06,93
294,Constantine,1586805156,DZ,36.37,6.61,68.0,68.0,45,4.7,75
295,Thompson,1586805288,CA,55.74,-97.86,10.4,10.4,51,8.05,75
296,Ayna,1586805288,PE,-12.65,-73.92,75.2,75.2,33,2.24,20
297,Gushikawa,1586805288,JP,26.35,127.87,60.94,62.6,51,14.99,75
298,Ukiah,1586805289,US,39.15,-123.21,65.48,69.01,51,2.68,1
299,Kutum,1586805289,SD,14.2,24.67,73.92,73.92,12,9.91,62
300,Dalian,1586805289,CN,38.91,121.6,44.6,44.6,42,2.24,6
301,Oranjemund,1586805289,NA,-28.55,16.43,57.16,57.16,84,9.82,1
302,Riverton,1586804990,US,40.52,-111.94,40.01,44.6,44,14.99,1
303,Indiaroba,1586805289,BR,-11.52,-37.51,86.4,86.4,61,9.46,81
304,Yanam,1586805289,IN,16.73,82.22,81.39,81.39,76,5.61,0
305,Topolobampo,1586805289,MX,25.6,-109.05,81.9,82.99,28,6.93,5
306,Vanimo,1586805289,PG,-2.67,141.3,78.42,78.42,82,5.37,98
307,Alihe,1586805289,CN,50.57,123.72,35.8,35.8,65,6.87,81
308,Dali,1586805290,CN,25.7,100.18,47.34,47.34,46,1.57,21
309,Jāwā,1586805290,JO,31.85,35.94,59.0,59.0,51,5.91,26
310,Wanning,1586805290,CN,18.8,110.4,68.86,68.86,80,8.28,98
311,Yelizovo,1586805290,RU,53.19,158.38,23.0,23.0,79,6.71,39
312,Port Hedland,1586805290,AU,-20.32,118.57,80.6,80.6,83,5.82,40
313,Chaihe,1586805290,CN,44.77,129.7,46.29,46.29,45,3.76,35
314,Manaure,1586805290,CO,11.78,-72.44,87.8,87.8,62,13.87,71
315,Pulandian,1586805290,CN,39.4,121.97,44.6,44.6,42,2.24,5
316,Ciudad Bolivar,1586805290,VE,8.12,-63.55,99.19,99.19,22,9.71,94
317,Margate,1586805290,GB,51.38,1.39,43.93,46.0,56,11.41,40
318,Vao,1586805161,NC,-22.67,167.48,75.81,75.81,80,11.9,90
319,Silopi,1586805290,TR,37.25,42.47,53.19,53.19,52,2.13,9
320,Sawang Daen Din,1586805291,TH,17.48,103.46,70.88,70.88,57,11.05,84
321,Kirgiz-Miyaki,1586805291,RU,53.63,54.8,33.8,33.8,81,7.49,64
322,Cururupu,1586805291,BR,-1.83,-44.87,73.47,73.47,96,6.93,100
323,Broken Hill,1586805291,AU,-31.95,141.43,55.4,55.4,54,8.05,62
324,Lagoa,1586805292,PT,39.05,-27.98,60.89,60.89,81,13.22,47
325,Bohuslav,1586805292,UA,49.55,30.87,57.9,57.9,40,18.57,86
326,Petropavl,1586805292,KZ,54.88,69.16,48.87,48.87,64,5.41,77
327,Lexington,1586805231,US,37.99,-84.48,44.65,48.0,75,18.54,90
328,Storforshei,1586805292,NO,66.4,14.52,33.8,33.8,74,4.7,40
329,Pecos,1586805292,US,31.42,-103.49,52.47,53.6,34,9.17,1
330,Nishihara,1586805292,JP,26.18,127.76,61.09,62.6,51,13.87,40
331,Khovd,1586805292,MN,48.01,91.64,43.23,43.23,34,1.45,45
332,Mayumba,1586805292,GA,-3.43,10.66,80.56,80.56,83,5.41,70
333,Zhigansk,1586805151,RU,66.77,123.37,5.41,5.41,93,6.91,38
334,Żychlin,1586805293,PL,52.24,19.63,40.78,42.01,48,6.93,87
335,Maravilha,1586805293,BR,-26.76,-53.17,81.61,84.0,41,4.47,7
336,Chicama,1586805293,PE,-7.84,-79.15,75.2,75.2,69,6.93,40
337,Ust'-Omchug,1586805293,RU,61.15,149.63,14.32,14.32,88,2.8,92
338,Comodoro Rivadavia,1586805293,AR,-45.87,-67.5,68.0,68.0,45,5.82,0
339,Brebeni,1586805294,RO,44.37,24.45,61.92,64.0,51,3.36,100
340,Vilyuysk,1586805294,RU,63.76,121.62,14.67,14.67,94,4.88,47
341,Honiara,1586805080,SB,-9.43,159.95,75.2,75.2,94,2.24,20
342,Ilhabela,1586805203,BR,-23.78,-45.36,75.85,75.85,71,12.91,13
343,Biłgoraj,1586805354,PL,50.54,22.72,46.22,48.2,81,11.41,75
344,Puerto Suárez,1586805354,BO,-18.95,-57.8,87.8,87.8,74,6.93,75
345,Leningradskiy,1586805354,RU,69.38,178.42,5.29,5.29,86,2.64,26
346,Mount Isa,1586805356,AU,-20.73,139.5,71.6,71.6,35,8.05,0
347,Andenes,1586805356,NO,69.31,16.12,35.02,35.6,74,21.92,67
348,Slave Lake,1586805356,CA,55.28,-114.77,30.2,30.2,33,5.82,1
349,Lastoursville,1586805357,GA,-0.81,12.73,77.97,77.97,77,0.51,63
350,Isangel,1586805357,VU,-19.55,169.27,75.2,75.2,88,8.52,75
351,Cockburn Town,1586805357,TC,21.46,-71.14,79.25,79.25,81,19.48,2
352,Ayr,1586805357,GB,55.46,-4.63,45.55,46.99,52,3.36,1
353,Mayagüez,1586805357,PR,18.2,-67.14,83.82,87.01,75,11.01,10
354,Sobolevo,1586805357,RU,54.43,31.9,51.13,51.13,80,5.84,69
355,Wajid,1586805357,SO,3.81,43.25,88.48,88.48,42,8.55,89
356,Okhotsk,1586805358,RU,59.38,143.3,22.42,22.42,96,4.43,83
357,Flinders,1586805358,AU,-34.58,150.86,53.35,57.99,93,6.93,0
358,Baruun-Urt,1586805358,MN,46.68,113.28,42.39,42.39,34,3.38,67
359,Nemuro,1586805102,JP,43.32,145.57,31.91,31.91,95,25.88,85
360,Quelimane,1586805358,MZ,-17.88,36.89,80.6,80.6,83,9.17,20
361,Miraflores,1586805358,MX,19.22,-98.81,82.58,87.8,14,3.36,40
362,Bela,1586805358,IN,25.93,81.98,87.84,87.84,17,1.16,0
363,Nantucket,1586805358,US,41.28,-70.1,55.35,57.2,87,31.09,90
364,Saint-Joseph,1586805358,RE,-21.37,55.62,69.82,77.0,73,6.93,99
365,Raudeberg,1586805358,NO,61.99,5.14,36.16,37.4,64,16.11,75
366,Padang,1586805359,ID,-0.95,100.35,78.76,78.76,76,3.06,86
367,Sola,1586805359,VU,-13.88,167.55,80.6,80.6,88,20.11,75
368,Parabel',1586805359,RU,58.7,81.48,33.73,33.73,95,2.77,79
369,Karangampel,1586805359,ID,-6.46,108.45,79.99,79.99,81,4.41,28
370,Robertsport,1586805359,LR,6.75,-11.37,83.26,83.26,73,6.71,86
371,Upington,1586805250,ZA,-28.45,21.26,75.2,75.2,38,12.75,20
372,Poum,1586805359,NC,-20.23,164.02,78.96,78.96,80,10.13,100
373,Pemba,1586805359,MZ,-12.97,40.52,82.4,82.4,83,6.93,75
374,Leer,1586805359,SS,8.3,30.14,87.71,87.71,13,4.25,100
375,Kieta,1586805360,PG,-6.22,155.63,80.19,80.19,78,1.83,5
376,Barra dos Coqueiros,1586805360,BR,-10.91,-37.04,86.0,86.0,66,14.99,75
377,Churapcha,1586805360,RU,62.0,132.43,29.61,29.61,97,8.61,100
378,Hatillo,1586805360,PR,18.49,-66.83,83.77,87.01,71,3.0,3
379,Batemans Bay,1586805360,AU,-35.72,150.18,50.41,55.99,100,3.98,21
380,Rome,1586805125,US,43.21,-75.46,63.39,68.0,77,10.29,90
381,Šibenik,1586805360,HR,43.73,15.91,60.1,60.8,55,4.7,98
382,Vila Velha,1586805101,BR,-20.33,-40.29,77.0,77.0,69,10.29,75
383,Kobryn,1586805361,BY,52.21,24.36,43.48,43.48,62,11.34,86
384,Sibolga,1586805361,ID,1.74,98.78,79.07,79.07,80,2.95,100
385,Emirdağ,1586805361,TR,39.02,31.15,54.39,54.39,32,7.87,19
386,Forsytheganj,1586805361,BY,52.63,29.73,53.02,53.02,80,7.72,78
387,Nan,1586805361,TH,18.83,100.67,71.55,71.55,69,1.92,61
388,Kuršėnai,1586805361,LT,55.98,22.92,32.0,32.0,77,8.05,70
389,Udachny,1586805361,RU,66.42,112.4,33.8,33.8,74,6.71,90
390,Wenling,1586805361,CN,28.37,121.36,47.93,50.0,82,3.04,15
391,Kyabé,1586805362,TD,9.45,18.94,93.43,93.43,28,3.85,60
392,Cuyo,1586805422,PH,10.85,121.01,82.6,82.6,77,12.91,14
393,Kamiiso,1586805422,JP,41.82,140.65,37.04,37.04,80,5.84,34
394,Atar,1586805422,MR,20.52,-13.05,96.26,96.26,12,9.53,69
395,Lucea,1586805422,JM,18.45,-78.17,82.83,86.0,79,21.92,20
396,Touros,1586805422,BR,-5.2,-35.46,87.8,87.8,62,11.41,20
397,San Andrés,1586805423,CO,12.58,-81.7,87.8,87.8,66,13.87,40
398,Río Gallegos,1586805423,AR,-51.62,-69.22,55.4,55.4,43,21.92,93
399,Hammerfest,1586805420,NO,70.66,23.68,33.03,35.6,90,18.34,75
400,Rocha,1586805423,UY,-34.48,-54.33,71.17,71.17,59,5.12,100
401,Coolum Beach,1586805423,AU,-26.53,153.1,62.37,64.0,90,2.73,67
402,Arrondissement de Bar-le-Duc,1586805423,FR,48.75,5.17,51.15,59.0,46,14.99,19
403,Tezpur,1586805423,IN,26.63,92.8,79.9,79.9,36,0.45,76
404,Seoul,1586805423,KR,37.57,126.98,39.79,44.6,75,3.56,1
405,Puerto Ayacucho,1586805423,VE,5.66,-67.62,100.4,100.4,27,10.29,20
406,Houma,1586805423,US,29.6,-90.72,77.83,82.99,54,8.05,1
407,Yārāda,1586805423,IN,17.65,83.27,82.4,82.4,83,2.24,20
408,Cherskiy,1586805424,RU,68.75,161.3,2.98,2.98,86,4.38,78
409,Usinsk,1586805424,RU,65.99,57.53,18.32,18.32,95,9.57,0
410,Hibbing,1586805424,US,47.43,-92.94,27.1,28.99,45,16.11,90
411,Portree,1586805424,GB,57.41,-6.19,39.38,39.99,60,2.01,49
412,Pisco,1586805424,PE,-13.7,-76.22,72.61,73.99,30,10.29,48
413,Tobol,1586805424,KZ,52.68,62.58,38.46,38.46,69,11.21,77
414,Nome,1586805424,US,64.5,-165.41,25.3,26.6,92,4.7,90
415,Bollnäs,1586805425,SE,61.35,16.39,36.0,36.0,62,8.01,100
416,Qax,1586805425,AZ,41.42,46.92,44.6,44.6,75,6.93,40
417,Ngerengere,1586805425,TZ,-6.75,38.12,73.4,73.4,100,1.97,40
418,Nanortalik,1586805425,GL,60.14,-45.24,32.7,32.7,92,10.74,83
419,Payson,1586805404,US,40.04,-111.73,41.18,44.6,26,17.22,40
420,Midland,1586805425,US,32.0,-102.08,49.73,51.8,39,9.17,1
421,Gigmoto,1586805425,PH,13.78,124.39,80.83,80.83,77,12.39,94
422,Campohermoso,1586805425,ES,36.94,-2.13,59.61,60.8,100,6.93,90
423,Faanui,1586805425,PF,-16.48,-151.75,82.99,82.99,70,9.6,44
424,Kirakira,1586805426,SB,-10.45,161.92,80.2,80.2,79,5.93,98
425,Almeirim,1586805426,BR,-1.52,-52.58,77.74,77.74,93,5.61,91
426,Paamiut,1586805426,GL,61.99,-49.67,32.0,32.0,95,14.99,100
427,Toowoomba,1586805426,AU,-27.55,151.97,56.82,57.99,93,8.05,28
428,Vilya,1586805426,RU,55.25,42.21,41.38,41.38,65,7.63,10
429,Chokwé,1586805426,MZ,-24.53,32.98,73.63,73.63,80,6.64,0
430,Onguday,1586805426,RU,50.75,86.15,45.55,45.55,56,3.36,98
431,Dryden,1586805427,CA,49.78,-92.75,23.0,23.0,41,13.87,90
432,Akdepe,1586805427,TM,42.06,59.38,49.06,50.0,42,9.17,99
433,Podyuga,1586805427,RU,61.09,40.86,37.18,37.18,80,11.39,100
434,Teahupoo,1586805427,PF,-17.83,-149.27,86.0,86.0,70,3.36,66
435,Yablochnyy,1586805427,RU,47.17,142.07,21.2,21.2,92,2.24,7
436,Portland,1586805351,US,45.52,-122.68,59.32,62.01,33,5.82,1
437,Mitsamiouli,1586805427,KM,-11.38,43.28,83.89,83.89,78,14.34,100
438,Luganville,1586805427,VU,-15.53,167.17,77.04,77.04,84,9.13,93
439,Adrar,1586805427,MR,20.5,-10.07,93.78,93.78,11,8.84,70
440,Tambacounda,1586805427,SN,13.75,-13.76,102.51,102.51,12,7.34,98
441,Byron Bay,1586805329,AU,-28.65,153.62,55.08,55.99,93,3.62,84
442,Bud,1586805488,US,39.45,-86.18,43.02,46.0,55,10.29,90
443,Kokoda,1586805488,PG,-8.88,147.74,73.94,73.94,67,1.16,64
444,Warrnambool,1586805489,AU,-38.38,142.48,54.0,54.0,83,9.64,62
445,Huilong,1586805489,CN,31.81,121.66,54.19,59.0,77,1.81,47
446,Wexford,1586805489,IE,52.33,-6.46,46.94,48.99,65,11.41,0
447,Turan,1586805423,VN,16.07,108.22,71.6,71.6,78,1.12,75
448,Yankton,1586805489,US,42.87,-97.4,32.47,35.01,63,25.28,75
449,Nelson Bay,1586805490,AU,-32.72,152.15,53.26,55.99,93,5.46,49
450,Saurimo,1586805490,AO,-9.66,20.39,69.49,69.49,68,3.49,88
451,Lensk,1586805490,RU,60.73,114.93,34.63,34.63,84,1.48,99
452,Murgab,1586805490,TM,37.5,61.97,57.2,57.2,71,11.41,90
453,Ghanzi,1586805408,BW,-21.57,21.78,78.96,78.96,23,5.12,60
454,Bar Harbor,1586805411,US,44.39,-68.2,48.9,52.0,93,31.09,90
455,Kologriv,1586805491,RU,58.83,44.32,33.91,33.91,80,7.31,91
456,Hearst,1586805491,CA,49.68,-83.67,21.92,21.92,95,17.16,100
457,Geesthacht,1586805491,DE,53.43,10.37,40.89,42.8,60,17.22,40
458,Dunedin,1586805491,NZ,-45.87,170.5,43.0,43.0,84,28.99,59
459,Ozernovskiy,1586805492,RU,51.5,156.52,26.78,26.78,92,8.5,92
460,Husavik,1586805493,IS,66.04,-17.34,44.6,44.6,92,38.03,20
461,Joshīmath,1586805493,IN,30.57,79.57,53.85,53.85,23,4.0,97
462,Micheweni,1586805493,TZ,-4.97,39.83,82.67,82.67,81,14.5,100
463,Wynyard,1586805493,AU,-41.0,145.72,49.59,50.0,9,1.01,74
464,Yar-Sale,1586805494,RU,66.83,70.83,13.57,13.57,96,9.98,41
465,Berlevåg,1586805494,NO,70.86,29.09,30.2,30.2,92,20.8,90
466,Mondeville,1586805495,FR,49.17,-0.32,46.4,46.4,70,17.22,14
467,Samarinda,1586805495,ID,-0.5,117.15,74.79,74.79,96,1.97,80
468,Ketchikan,1586805495,US,55.34,-131.65,46.4,46.4,61,11.41,90
469,Gurupi,1586805496,BR,-11.73,-49.07,83.5,83.5,74,5.84,84
470,Richards Bay,1586805427,ZA,-28.78,32.04,73.33,73.33,86,13.78,18
471,Praia da Vitória,1586805496,PT,38.73,-27.07,64.4,64.4,72,15.79,20
472,Treinta y Tres,1586805496,UY,-33.23,-54.38,73.2,73.2,55,3.15,100
473,Dubrovka,1586805497,RU,53.69,33.51,51.87,51.87,59,14.97,18
474,Faya,1586805498,SA,18.39,42.45,63.5,64.4,82,3.36,74
475,Saint-Louis,1586805498,SN,16.33,-15.0,105.1,105.1,8,3.98,11
476,Onega,1586805498,RU,63.91,38.14,37.35,37.35,90,17.34,100
477,Crucişor,1586805498,RO,47.68,23.25,61.61,64.4,48,3.36,98
478,Cheney,1586805499,US,47.49,-117.58,47.28,50.0,20,3.36,1
479,Gizo Government Station,1586805499,SB,-8.1,156.84,81.41,81.41,79,3.56,89
480,Belize,1586805499,BZ,17.25,-88.75,100.06,102.2,31,4.7,6
481,Norwalk,1586805277,US,33.9,-118.08,61.21,64.99,67,6.93,90
482,Mirny,1586805499,RU,62.54,113.96,28.4,28.4,79,4.47,29
483,Skjervøy,1586805499,NO,70.03,20.97,35.6,35.6,69,13.87,40
484,Mogadishu,1586805500,SO,2.04,45.34,84.81,84.81,73,14.45,100
485,Dauriya,1586805500,RU,49.93,116.87,39.83,39.83,53,16.42,76
486,Cacoal,1586805494,BR,-11.44,-61.45,83.48,83.48,78,4.9,23
487,Aras,1586805500,ES,42.56,-2.36,57.13,62.6,59,4.7,25
488,Breves,1586805500,BR,-1.68,-50.48,76.3,76.3,83,5.5,99
489,Garden City,1586805500,US,42.33,-83.33,42.06,45.0,52,26.4,90
490,Kushmurun,1586805560,KZ,52.45,64.63,42.69,42.69,58,12.41,49
491,Ust-Nera,1586805561,RU,64.57,143.2,18.07,18.07,88,1.79,100
492,Nhulunbuy,1586805561,AU,-12.23,136.77,78.8,78.8,88,6.93,40
493,Tibati,1586805561,CM,6.47,12.63,77.41,77.41,48,3.56,72
494,Gawler,1586805561,AU,-34.6,138.73,61.74,64.99,42,3.0,0
495,Suez,1586805561,EG,29.97,32.53,66.54,66.54,41,15.14,0
496,Kastamonu Province,1586805561,TR,41.5,33.67,45.99,45.99,47,2.08,0
497,Garoua,1586805561,CM,9.3,13.4,95.0,95.0,15,6.93,66
498,Riyadh,1586805433,SA,24.69,46.72,66.2,66.2,63,6.93,44
499,Hailin,1586805562,CN,44.58,129.42,46.08,46.08,47,3.53,41
500,Jiazi,1586805562,CN,22.88,116.07,63.77,63.77,57,7.14,75
501,Preston,1586805525,GB,53.77,-2.72,44.67,48.0,56,12.75,0
502,Kargil,1586805422,IN,34.57,76.1,33.26,33.26,25,3.8,79
503,Nazarovo,1586805562,RU,56.01,90.39,37.81,37.81,70,6.42,63
504,Broome,1586805426,US,42.25,-75.83,62.69,66.99,82,11.41,90
505,Alofi,1586805562,NU,-19.06,-169.92,78.8,78.8,83,9.17,87
506,Liaqatabad,1586805563,PK,31.56,74.3,77.56,80.6,69,5.41,20
507,Bohdan,1586805563,UA,48.04,24.35,51.42,51.42,57,11.99,100
508,Saint-Prosper,1586805563,CA,46.21,-70.48,48.6,51.01,100,11.01,100
509,Wagar,1586805563,SD,16.15,36.2,82.18,82.18,18,11.45,44
510,Fuzhou,1586805563,CN,26.06,119.31,57.2,57.2,82,4.47,98
511,Kidal,1586805416,ML,18.44,1.41,97.74,97.74,8,9.62,19
512,Naze,1586805564,JP,28.37,129.48,62.6,62.6,51,24.16,20
513,Aljezur,1586805564,PT,37.32,-8.8,60.01,60.01,83,6.89,54
514,Tecomán,1586805564,MX,18.92,-103.88,86.0,86.0,35,5.82,40
515,Ituiutaba,1586805564,BR,-18.97,-49.47,83.62,83.62,51,3.62,8
516,Kuliyapitiya,1586805564,LK,7.47,80.04,78.8,78.8,94,4.7,20
517,Astoria,1586805556,US,46.19,-123.83,58.73,61.0,33,4.9,1
518,Tagusao,1586805564,PH,9.19,117.81,79.12,79.12,78,1.81,73
519,Puerto Carreño,1586805565,CO,6.19,-67.49,100.4,100.4,27,10.29,20
520,Mandera,1586805565,KE,3.94,41.87,84.99,84.99,11,1.99,100
521,Makkah al Mukarramah,1586805565,SA,21.43,39.83,70.95,70.95,42,4.38,2
522,Sūsangerd,1586805565,IR,31.56,48.18,75.2,75.2,31,9.17,0
523,Bambari,1586805565,CF,5.77,20.68,82.0,82.0,47,1.77,76
524,Ugoofaaru,1586805565,MV,5.67,73.0,85.8,85.8,69,9.26,10
525,Progreso,1586805309,MX,21.28,-89.67,104.5,105.01,29,6.13,75
526,São Geraldo do Araguaia,1586805353,BR,-6.4,-48.55,82.81,82.81,83,4.45,94
527,Kitimat,1586805485,CA,54.05,-128.65,44.96,46.99,56,4.7,90
528,Olafsvik,1586805566,IS,64.89,-23.71,39.96,39.96,75,30.11,76
529,Nanhai,1586805566,CN,30.13,111.78,61.0,61.0,62,5.26,84
530,Opuwo,1586805566,NA,-18.06,13.84,76.71,76.71,35,6.4,62
531,Valdivia,1586805566,CL,-39.81,-73.25,62.6,62.6,51,3.36,75
532,Bell Ville,1586805566,AR,-32.63,-62.69,72.0,72.0,56,5.01,66
533,Tiradentes,1586805566,BR,-21.11,-44.18,69.8,69.8,68,6.93,75
534,Porto-Novo,1586805566,BJ,6.5,2.6,86.0,86.0,74,11.41,40
535,Okhtyrka,1586805567,UA,50.31,34.9,53.53,53.53,49,18.1,54
536,Marsá Maţrūḩ,1586805568,EG,31.35,27.25,60.8,60.8,77,5.82,0
537,Srednekolymsk,1586805568,RU,67.45,153.68,17.71,17.71,97,2.1,100
538,Wajima,1586805427,JP,37.4,136.9,46.87,46.87,67,24.54,66
539,Jacksonville,1586805524,US,30.33,-81.66,75.99,79.0,69,6.93,90
540,Kosa,1586805628,RU,59.94,55.0,35.19,35.19,93,6.11,99
541,Gorontalo,1586805628,ID,0.54,123.06,73.96,73.96,84,2.59,98
542,Tacna,1586805628,PE,-18.01,-70.25,76.28,77.0,53,13.87,62
543,Deputatsky,1586805373,RU,69.3,139.9,-0.45,-0.45,86,8.23,100
544,Dorado,1586805628,PR,18.46,-66.27,83.79,86.0,70,14.99,40
545,Port Hardy,1586805629,CA,50.7,-127.42,46.4,46.4,61,6.93,20
546,Severo-Kuril'sk,1586805629,RU,50.68,156.12,25.32,25.32,93,9.33,59
547,Alexandria,1586805629,EG,31.22,29.96,61.23,62.6,67,9.17,43
548,Arvika,1586805629,SE,59.66,12.59,35.96,37.0,37,17.22,93
549,Oussouye,1586805629,SN,12.48,-16.55,82.4,82.4,65,6.93,72
550,Bubaque,1586805630,GW,11.28,-15.83,80.01,80.01,71,14.18,4
551,Xichang,1586805630,CN,27.9,102.26,53.01,53.01,62,1.61,100
552,Zhuhai,1586805630,CN,22.28,113.57,67.03,68.0,63,6.13,20
